block_id	bytes	decoded_ops	unknown_ops	listing
1	3702	33	0	ecl1_001.ecl.txt
2	764	23	0	ecl1_002.ecl.txt
16	33	3	0	ecl1_016.ecl.txt
17	9008	331	0	ecl1_017.ecl.txt
18	8537	102	0	ecl1_018.ecl.txt
19	9210	436	0	ecl1_019.ecl.txt
20	7483	467	0	ecl1_020.ecl.txt
21	4320	275	0	ecl1_021.ecl.txt
24	622	14	0	ecl1_024.ecl.txt
32	8407	343	0	ecl1_032.ecl.txt
33	8954	304	0	ecl1_033.ecl.txt
34	8967	458	0	ecl1_034.ecl.txt
35	9212	598	0	ecl1_035.ecl.txt
36	7777	355	0	ecl1_036.ecl.txt
37	9205	307	0	ecl1_037.ecl.txt
38	8978	348	0	ecl1_038.ecl.txt
48	8884	269	0	ecl1_048.ecl.txt
49	9130	408	0	ecl1_049.ecl.txt
50	9158	395	0	ecl1_050.ecl.txt
64	9208	428	0	ecl1_064.ecl.txt
65	6027	230	0	ecl1_065.ecl.txt
66	8804	313	0	ecl1_066.ecl.txt
80	9193	298	0	ecl1_080.ecl.txt
81	5942	328	0	ecl1_081.ecl.txt
82	8084	413	0	ecl1_082.ecl.txt
84	8896	270	0	ecl1_084.ecl.txt
95	6136	141	0	ecl1_095.ecl.txt
96	9212	350	0	ecl1_096.ecl.txt
97	7360	251	0	ecl1_097.ecl.txt
98	9167	422	0	ecl1_098.ecl.txt
112	9216	409	0	ecl1_112.ecl.txt
113	8787	315	0	ecl1_113.ecl.txt
114	9190	375	0	ecl1_114.ecl.txt
