entry	name	completed	timed_out	error	output_file
1000:002f	entry	true	false		/home/jzatopa/.openclaw/workspaces/goldenbox/matrix-cubed-re/generated/ghidra/deep_start_unpacked/decompiled/1000_002f_entry.c
1000:02b1	FUN_1000_02b1	true	false		/home/jzatopa/.openclaw/workspaces/goldenbox/matrix-cubed-re/generated/ghidra/deep_start_unpacked/decompiled/1000_02b1_FUN_1000_02b1.c
102d:0020	FUN_102d_0020	true	false		/home/jzatopa/.openclaw/workspaces/goldenbox/matrix-cubed-re/generated/ghidra/deep_start_unpacked/decompiled/102d_0020_FUN_102d_0020.c
1039:0025	FUN_1039_0025	true	false		/home/jzatopa/.openclaw/workspaces/goldenbox/matrix-cubed-re/generated/ghidra/deep_start_unpacked/decompiled/1039_0025_FUN_1039_0025.c
1045:0020	FUN_1045_0020	true	false		/home/jzatopa/.openclaw/workspaces/goldenbox/matrix-cubed-re/generated/ghidra/deep_start_unpacked/decompiled/1045_0020_FUN_1045_0020.c
1048:0020	FUN_1048_0020	true	false		/home/jzatopa/.openclaw/workspaces/goldenbox/matrix-cubed-re/generated/ghidra/deep_start_unpacked/decompiled/1048_0020_FUN_1048_0020.c
1048:002a	FUN_1048_002a	true	false		/home/jzatopa/.openclaw/workspaces/goldenbox/matrix-cubed-re/generated/ghidra/deep_start_unpacked/decompiled/1048_002a_FUN_1048_002a.c
1056:0020	FUN_1056_0020	true	false		/home/jzatopa/.openclaw/workspaces/goldenbox/matrix-cubed-re/generated/ghidra/deep_start_unpacked/decompiled/1056_0020_FUN_1056_0020.c
1063:0020	FUN_1063_0020	true	false		/home/jzatopa/.openclaw/workspaces/goldenbox/matrix-cubed-re/generated/ghidra/deep_start_unpacked/decompiled/1063_0020_FUN_1063_0020.c
1063:0025	FUN_1063_0025	true	false		/home/jzatopa/.openclaw/workspaces/goldenbox/matrix-cubed-re/generated/ghidra/deep_start_unpacked/decompiled/1063_0025_FUN_1063_0025.c
1067:0020	FUN_1067_0020	true	false		/home/jzatopa/.openclaw/workspaces/goldenbox/matrix-cubed-re/generated/ghidra/deep_start_unpacked/decompiled/1067_0020_FUN_1067_0020.c
106b:0020	FUN_106b_0020	true	false		/home/jzatopa/.openclaw/workspaces/goldenbox/matrix-cubed-re/generated/ghidra/deep_start_unpacked/decompiled/106b_0020_FUN_106b_0020.c
1075:0020	FUN_1075_0020	true	false		/home/jzatopa/.openclaw/workspaces/goldenbox/matrix-cubed-re/generated/ghidra/deep_start_unpacked/decompiled/1075_0020_FUN_1075_0020.c
1078:0020	FUN_1078_0020	true	false		/home/jzatopa/.openclaw/workspaces/goldenbox/matrix-cubed-re/generated/ghidra/deep_start_unpacked/decompiled/1078_0020_FUN_1078_0020.c
107e:0020	FUN_107e_0020	true	false		/home/jzatopa/.openclaw/workspaces/goldenbox/matrix-cubed-re/generated/ghidra/deep_start_unpacked/decompiled/107e_0020_FUN_107e_0020.c
1086:0020	FUN_1086_0020	true	false		/home/jzatopa/.openclaw/workspaces/goldenbox/matrix-cubed-re/generated/ghidra/deep_start_unpacked/decompiled/1086_0020_FUN_1086_0020.c
1092:0020	FUN_1092_0020	true	false		/home/jzatopa/.openclaw/workspaces/goldenbox/matrix-cubed-re/generated/ghidra/deep_start_unpacked/decompiled/1092_0020_FUN_1092_0020.c
1099:009d	FUN_1099_009d	true	false		/home/jzatopa/.openclaw/workspaces/goldenbox/matrix-cubed-re/generated/ghidra/deep_start_unpacked/decompiled/1099_009d_FUN_1099_009d.c
10af:0020	FUN_10af_0020	true	false		/home/jzatopa/.openclaw/workspaces/goldenbox/matrix-cubed-re/generated/ghidra/deep_start_unpacked/decompiled/10af_0020_FUN_10af_0020.c
10b8:0050	FUN_10b8_0050	true	false		/home/jzatopa/.openclaw/workspaces/goldenbox/matrix-cubed-re/generated/ghidra/deep_start_unpacked/decompiled/10b8_0050_FUN_10b8_0050.c
10b8:00be	FUN_10b8_00be	true	false		/home/jzatopa/.openclaw/workspaces/goldenbox/matrix-cubed-re/generated/ghidra/deep_start_unpacked/decompiled/10b8_00be_FUN_10b8_00be.c
10b8:0127	FUN_10b8_0127	true	false		/home/jzatopa/.openclaw/workspaces/goldenbox/matrix-cubed-re/generated/ghidra/deep_start_unpacked/decompiled/10b8_0127_FUN_10b8_0127.c
10b8:014f	FUN_10b8_014f	true	false		/home/jzatopa/.openclaw/workspaces/goldenbox/matrix-cubed-re/generated/ghidra/deep_start_unpacked/decompiled/10b8_014f_FUN_10b8_014f.c
10d1:0020	FUN_10d1_0020	true	false		/home/jzatopa/.openclaw/workspaces/goldenbox/matrix-cubed-re/generated/ghidra/deep_start_unpacked/decompiled/10d1_0020_FUN_10d1_0020.c
10d1:0025	FUN_10d1_0025	true	false		/home/jzatopa/.openclaw/workspaces/goldenbox/matrix-cubed-re/generated/ghidra/deep_start_unpacked/decompiled/10d1_0025_FUN_10d1_0025.c
10d1:0050	FUN_10d1_0050	true	false		/home/jzatopa/.openclaw/workspaces/goldenbox/matrix-cubed-re/generated/ghidra/deep_start_unpacked/decompiled/10d1_0050_FUN_10d1_0050.c
10d7:0020	FUN_10d7_0020	true	false		/home/jzatopa/.openclaw/workspaces/goldenbox/matrix-cubed-re/generated/ghidra/deep_start_unpacked/decompiled/10d7_0020_FUN_10d7_0020.c
10ec:00c6	FUN_10ec_00c6	true	false		/home/jzatopa/.openclaw/workspaces/goldenbox/matrix-cubed-re/generated/ghidra/deep_start_unpacked/decompiled/10ec_00c6_FUN_10ec_00c6.c
10ec:00d4	FUN_10ec_00d4	true	false		/home/jzatopa/.openclaw/workspaces/goldenbox/matrix-cubed-re/generated/ghidra/deep_start_unpacked/decompiled/10ec_00d4_FUN_10ec_00d4.c
10ec:00f9	FUN_10ec_00f9	true	false		/home/jzatopa/.openclaw/workspaces/goldenbox/matrix-cubed-re/generated/ghidra/deep_start_unpacked/decompiled/10ec_00f9_FUN_10ec_00f9.c
10ec:011b	FUN_10ec_011b	true	false		/home/jzatopa/.openclaw/workspaces/goldenbox/matrix-cubed-re/generated/ghidra/deep_start_unpacked/decompiled/10ec_011b_FUN_10ec_011b.c
10ec:0143	FUN_10ec_0143	true	false		/home/jzatopa/.openclaw/workspaces/goldenbox/matrix-cubed-re/generated/ghidra/deep_start_unpacked/decompiled/10ec_0143_FUN_10ec_0143.c
10ec:015f	FUN_10ec_015f	true	false		/home/jzatopa/.openclaw/workspaces/goldenbox/matrix-cubed-re/generated/ghidra/deep_start_unpacked/decompiled/10ec_015f_FUN_10ec_015f.c
10ec:01a3	FUN_10ec_01a3	true	false		/home/jzatopa/.openclaw/workspaces/goldenbox/matrix-cubed-re/generated/ghidra/deep_start_unpacked/decompiled/10ec_01a3_FUN_10ec_01a3.c
10ec:01db	FUN_10ec_01db	true	false		/home/jzatopa/.openclaw/workspaces/goldenbox/matrix-cubed-re/generated/ghidra/deep_start_unpacked/decompiled/10ec_01db_FUN_10ec_01db.c
10ec:0227	FUN_10ec_0227	true	false		/home/jzatopa/.openclaw/workspaces/goldenbox/matrix-cubed-re/generated/ghidra/deep_start_unpacked/decompiled/10ec_0227_FUN_10ec_0227.c
10ec:0258	FUN_10ec_0258	true	false		/home/jzatopa/.openclaw/workspaces/goldenbox/matrix-cubed-re/generated/ghidra/deep_start_unpacked/decompiled/10ec_0258_FUN_10ec_0258.c
10ec:0280	FUN_10ec_0280	true	false		/home/jzatopa/.openclaw/workspaces/goldenbox/matrix-cubed-re/generated/ghidra/deep_start_unpacked/decompiled/10ec_0280_FUN_10ec_0280.c
10ec:04be	FUN_10ec_04be	true	false		/home/jzatopa/.openclaw/workspaces/goldenbox/matrix-cubed-re/generated/ghidra/deep_start_unpacked/decompiled/10ec_04be_FUN_10ec_04be.c
1139:0020	FUN_1139_0020	true	false		/home/jzatopa/.openclaw/workspaces/goldenbox/matrix-cubed-re/generated/ghidra/deep_start_unpacked/decompiled/1139_0020_FUN_1139_0020.c
1139:002f	FUN_1139_002f	true	false		/home/jzatopa/.openclaw/workspaces/goldenbox/matrix-cubed-re/generated/ghidra/deep_start_unpacked/decompiled/1139_002f_FUN_1139_002f.c
113d:036b	FUN_113d_036b	true	false		/home/jzatopa/.openclaw/workspaces/goldenbox/matrix-cubed-re/generated/ghidra/deep_start_unpacked/decompiled/113d_036b_FUN_113d_036b.c
121a:0000	FUN_121a_0000	true	false		/home/jzatopa/.openclaw/workspaces/goldenbox/matrix-cubed-re/generated/ghidra/deep_start_unpacked/decompiled/121a_0000_FUN_121a_0000.c
121a:005e	FUN_121a_005e	true	false		/home/jzatopa/.openclaw/workspaces/goldenbox/matrix-cubed-re/generated/ghidra/deep_start_unpacked/decompiled/121a_005e_FUN_121a_005e.c
121a:00ad	FUN_121a_00ad	true	false		/home/jzatopa/.openclaw/workspaces/goldenbox/matrix-cubed-re/generated/ghidra/deep_start_unpacked/decompiled/121a_00ad_FUN_121a_00ad.c
121a:00dd	FUN_121a_00dd	true	false		/home/jzatopa/.openclaw/workspaces/goldenbox/matrix-cubed-re/generated/ghidra/deep_start_unpacked/decompiled/121a_00dd_FUN_121a_00dd.c
121a:00ea	FUN_121a_00ea	true	false		/home/jzatopa/.openclaw/workspaces/goldenbox/matrix-cubed-re/generated/ghidra/deep_start_unpacked/decompiled/121a_00ea_FUN_121a_00ea.c
121a:057d	FUN_121a_057d	true	false		/home/jzatopa/.openclaw/workspaces/goldenbox/matrix-cubed-re/generated/ghidra/deep_start_unpacked/decompiled/121a_057d_FUN_121a_057d.c
121a:0bbd	FUN_121a_0bbd	true	false		/home/jzatopa/.openclaw/workspaces/goldenbox/matrix-cubed-re/generated/ghidra/deep_start_unpacked/decompiled/121a_0bbd_FUN_121a_0bbd.c
121a:0cfa	FUN_121a_0cfa	true	false		/home/jzatopa/.openclaw/workspaces/goldenbox/matrix-cubed-re/generated/ghidra/deep_start_unpacked/decompiled/121a_0cfa_FUN_121a_0cfa.c
121a:0dbc	FUN_121a_0dbc	true	false		/home/jzatopa/.openclaw/workspaces/goldenbox/matrix-cubed-re/generated/ghidra/deep_start_unpacked/decompiled/121a_0dbc_FUN_121a_0dbc.c
121a:0e41	FUN_121a_0e41	true	false		/home/jzatopa/.openclaw/workspaces/goldenbox/matrix-cubed-re/generated/ghidra/deep_start_unpacked/decompiled/121a_0e41_FUN_121a_0e41.c
121a:0ece	FUN_121a_0ece	true	false		/home/jzatopa/.openclaw/workspaces/goldenbox/matrix-cubed-re/generated/ghidra/deep_start_unpacked/decompiled/121a_0ece_FUN_121a_0ece.c
121a:0eff	FUN_121a_0eff	true	false		/home/jzatopa/.openclaw/workspaces/goldenbox/matrix-cubed-re/generated/ghidra/deep_start_unpacked/decompiled/121a_0eff_FUN_121a_0eff.c
121a:12d6	FUN_121a_12d6	true	false		/home/jzatopa/.openclaw/workspaces/goldenbox/matrix-cubed-re/generated/ghidra/deep_start_unpacked/decompiled/121a_12d6_FUN_121a_12d6.c
121a:1581	FUN_121a_1581	true	false		/home/jzatopa/.openclaw/workspaces/goldenbox/matrix-cubed-re/generated/ghidra/deep_start_unpacked/decompiled/121a_1581_FUN_121a_1581.c
121a:1817	FUN_121a_1817	true	false		/home/jzatopa/.openclaw/workspaces/goldenbox/matrix-cubed-re/generated/ghidra/deep_start_unpacked/decompiled/121a_1817_FUN_121a_1817.c
121a:1bb0	FUN_121a_1bb0	true	false		/home/jzatopa/.openclaw/workspaces/goldenbox/matrix-cubed-re/generated/ghidra/deep_start_unpacked/decompiled/121a_1bb0_FUN_121a_1bb0.c
121a:22ad	FUN_121a_22ad	true	false		/home/jzatopa/.openclaw/workspaces/goldenbox/matrix-cubed-re/generated/ghidra/deep_start_unpacked/decompiled/121a_22ad_FUN_121a_22ad.c
121a:239c	FUN_121a_239c	true	false		/home/jzatopa/.openclaw/workspaces/goldenbox/matrix-cubed-re/generated/ghidra/deep_start_unpacked/decompiled/121a_239c_FUN_121a_239c.c
121a:2410	FUN_121a_2410	true	false		/home/jzatopa/.openclaw/workspaces/goldenbox/matrix-cubed-re/generated/ghidra/deep_start_unpacked/decompiled/121a_2410_FUN_121a_2410.c
121a:27fa	FUN_121a_27fa	true	false		/home/jzatopa/.openclaw/workspaces/goldenbox/matrix-cubed-re/generated/ghidra/deep_start_unpacked/decompiled/121a_27fa_FUN_121a_27fa.c
121a:283e	FUN_121a_283e	true	false		/home/jzatopa/.openclaw/workspaces/goldenbox/matrix-cubed-re/generated/ghidra/deep_start_unpacked/decompiled/121a_283e_FUN_121a_283e.c
121a:28a9	FUN_121a_28a9	true	false		/home/jzatopa/.openclaw/workspaces/goldenbox/matrix-cubed-re/generated/ghidra/deep_start_unpacked/decompiled/121a_28a9_FUN_121a_28a9.c
121a:2b9f	FUN_121a_2b9f	true	false		/home/jzatopa/.openclaw/workspaces/goldenbox/matrix-cubed-re/generated/ghidra/deep_start_unpacked/decompiled/121a_2b9f_FUN_121a_2b9f.c
121a:2dea	FUN_121a_2dea	true	false		/home/jzatopa/.openclaw/workspaces/goldenbox/matrix-cubed-re/generated/ghidra/deep_start_unpacked/decompiled/121a_2dea_FUN_121a_2dea.c
121a:2f98	FUN_121a_2f98	true	false		/home/jzatopa/.openclaw/workspaces/goldenbox/matrix-cubed-re/generated/ghidra/deep_start_unpacked/decompiled/121a_2f98_FUN_121a_2f98.c
121a:2fe3	FUN_121a_2fe3	true	false		/home/jzatopa/.openclaw/workspaces/goldenbox/matrix-cubed-re/generated/ghidra/deep_start_unpacked/decompiled/121a_2fe3_FUN_121a_2fe3.c
121a:2fe8	FUN_121a_2fe8	true	false		/home/jzatopa/.openclaw/workspaces/goldenbox/matrix-cubed-re/generated/ghidra/deep_start_unpacked/decompiled/121a_2fe8_FUN_121a_2fe8.c
121a:306f	FUN_121a_306f	true	false		/home/jzatopa/.openclaw/workspaces/goldenbox/matrix-cubed-re/generated/ghidra/deep_start_unpacked/decompiled/121a_306f_FUN_121a_306f.c
121a:3103	FUN_121a_3103	true	false		/home/jzatopa/.openclaw/workspaces/goldenbox/matrix-cubed-re/generated/ghidra/deep_start_unpacked/decompiled/121a_3103_FUN_121a_3103.c
121a:3268	FUN_121a_3268	true	false		/home/jzatopa/.openclaw/workspaces/goldenbox/matrix-cubed-re/generated/ghidra/deep_start_unpacked/decompiled/121a_3268_FUN_121a_3268.c
121a:32f7	FUN_121a_32f7	true	false		/home/jzatopa/.openclaw/workspaces/goldenbox/matrix-cubed-re/generated/ghidra/deep_start_unpacked/decompiled/121a_32f7_FUN_121a_32f7.c
121a:3394	FUN_121a_3394	true	false		/home/jzatopa/.openclaw/workspaces/goldenbox/matrix-cubed-re/generated/ghidra/deep_start_unpacked/decompiled/121a_3394_FUN_121a_3394.c
121a:350f	FUN_121a_350f	true	false		/home/jzatopa/.openclaw/workspaces/goldenbox/matrix-cubed-re/generated/ghidra/deep_start_unpacked/decompiled/121a_350f_FUN_121a_350f.c
121a:35a4	FUN_121a_35a4	true	false		/home/jzatopa/.openclaw/workspaces/goldenbox/matrix-cubed-re/generated/ghidra/deep_start_unpacked/decompiled/121a_35a4_FUN_121a_35a4.c
121a:3646	FUN_121a_3646	true	false		/home/jzatopa/.openclaw/workspaces/goldenbox/matrix-cubed-re/generated/ghidra/deep_start_unpacked/decompiled/121a_3646_FUN_121a_3646.c
121a:37be	FUN_121a_37be	true	false		/home/jzatopa/.openclaw/workspaces/goldenbox/matrix-cubed-re/generated/ghidra/deep_start_unpacked/decompiled/121a_37be_FUN_121a_37be.c
121a:381d	FUN_121a_381d	true	false		/home/jzatopa/.openclaw/workspaces/goldenbox/matrix-cubed-re/generated/ghidra/deep_start_unpacked/decompiled/121a_381d_FUN_121a_381d.c
121a:38b0	FUN_121a_38b0	true	false		/home/jzatopa/.openclaw/workspaces/goldenbox/matrix-cubed-re/generated/ghidra/deep_start_unpacked/decompiled/121a_38b0_FUN_121a_38b0.c
121a:3953	FUN_121a_3953	true	false		/home/jzatopa/.openclaw/workspaces/goldenbox/matrix-cubed-re/generated/ghidra/deep_start_unpacked/decompiled/121a_3953_FUN_121a_3953.c
121a:3a09	FUN_121a_3a09	true	false		/home/jzatopa/.openclaw/workspaces/goldenbox/matrix-cubed-re/generated/ghidra/deep_start_unpacked/decompiled/121a_3a09_FUN_121a_3a09.c
121a:3b9a	FUN_121a_3b9a	true	false		/home/jzatopa/.openclaw/workspaces/goldenbox/matrix-cubed-re/generated/ghidra/deep_start_unpacked/decompiled/121a_3b9a_FUN_121a_3b9a.c
121a:3bf9	FUN_121a_3bf9	true	false		/home/jzatopa/.openclaw/workspaces/goldenbox/matrix-cubed-re/generated/ghidra/deep_start_unpacked/decompiled/121a_3bf9_FUN_121a_3bf9.c
121a:3c85	FUN_121a_3c85	true	false		/home/jzatopa/.openclaw/workspaces/goldenbox/matrix-cubed-re/generated/ghidra/deep_start_unpacked/decompiled/121a_3c85_FUN_121a_3c85.c
121a:3d72	FUN_121a_3d72	true	false		/home/jzatopa/.openclaw/workspaces/goldenbox/matrix-cubed-re/generated/ghidra/deep_start_unpacked/decompiled/121a_3d72_FUN_121a_3d72.c
121a:3e17	FUN_121a_3e17	true	false		/home/jzatopa/.openclaw/workspaces/goldenbox/matrix-cubed-re/generated/ghidra/deep_start_unpacked/decompiled/121a_3e17_FUN_121a_3e17.c
121a:3e43	FUN_121a_3e43	true	false		/home/jzatopa/.openclaw/workspaces/goldenbox/matrix-cubed-re/generated/ghidra/deep_start_unpacked/decompiled/121a_3e43_FUN_121a_3e43.c
1602:0084	FUN_1602_0084	true	false		/home/jzatopa/.openclaw/workspaces/goldenbox/matrix-cubed-re/generated/ghidra/deep_start_unpacked/decompiled/1602_0084_FUN_1602_0084.c
1602:00f5	FUN_1602_00f5	true	false		/home/jzatopa/.openclaw/workspaces/goldenbox/matrix-cubed-re/generated/ghidra/deep_start_unpacked/decompiled/1602_00f5_FUN_1602_00f5.c
1602:0124	FUN_1602_0124	true	false		/home/jzatopa/.openclaw/workspaces/goldenbox/matrix-cubed-re/generated/ghidra/deep_start_unpacked/decompiled/1602_0124_FUN_1602_0124.c
1602:013b	FUN_1602_013b	true	false		/home/jzatopa/.openclaw/workspaces/goldenbox/matrix-cubed-re/generated/ghidra/deep_start_unpacked/decompiled/1602_013b_FUN_1602_013b.c
1602:0263	FUN_1602_0263	true	false		/home/jzatopa/.openclaw/workspaces/goldenbox/matrix-cubed-re/generated/ghidra/deep_start_unpacked/decompiled/1602_0263_FUN_1602_0263.c
1602:03d1	FUN_1602_03d1	true	false		/home/jzatopa/.openclaw/workspaces/goldenbox/matrix-cubed-re/generated/ghidra/deep_start_unpacked/decompiled/1602_03d1_FUN_1602_03d1.c
1602:041a	FUN_1602_041a	true	false		/home/jzatopa/.openclaw/workspaces/goldenbox/matrix-cubed-re/generated/ghidra/deep_start_unpacked/decompiled/1602_041a_FUN_1602_041a.c
1602:04a9	FUN_1602_04a9	true	false		/home/jzatopa/.openclaw/workspaces/goldenbox/matrix-cubed-re/generated/ghidra/deep_start_unpacked/decompiled/1602_04a9_FUN_1602_04a9.c
1602:0525	FUN_1602_0525	true	false		/home/jzatopa/.openclaw/workspaces/goldenbox/matrix-cubed-re/generated/ghidra/deep_start_unpacked/decompiled/1602_0525_FUN_1602_0525.c
1602:055f	FUN_1602_055f	true	false		/home/jzatopa/.openclaw/workspaces/goldenbox/matrix-cubed-re/generated/ghidra/deep_start_unpacked/decompiled/1602_055f_FUN_1602_055f.c
1602:0bf4	FUN_1602_0bf4	true	false		/home/jzatopa/.openclaw/workspaces/goldenbox/matrix-cubed-re/generated/ghidra/deep_start_unpacked/decompiled/1602_0bf4_FUN_1602_0bf4.c
1602:0c73	FUN_1602_0c73	true	false		/home/jzatopa/.openclaw/workspaces/goldenbox/matrix-cubed-re/generated/ghidra/deep_start_unpacked/decompiled/1602_0c73_FUN_1602_0c73.c
1602:0ced	FUN_1602_0ced	true	false		/home/jzatopa/.openclaw/workspaces/goldenbox/matrix-cubed-re/generated/ghidra/deep_start_unpacked/decompiled/1602_0ced_FUN_1602_0ced.c
1602:0dc4	FUN_1602_0dc4	true	false		/home/jzatopa/.openclaw/workspaces/goldenbox/matrix-cubed-re/generated/ghidra/deep_start_unpacked/decompiled/1602_0dc4_FUN_1602_0dc4.c
1602:0e1e	FUN_1602_0e1e	true	false		/home/jzatopa/.openclaw/workspaces/goldenbox/matrix-cubed-re/generated/ghidra/deep_start_unpacked/decompiled/1602_0e1e_FUN_1602_0e1e.c
1602:0e39	FUN_1602_0e39	true	false		/home/jzatopa/.openclaw/workspaces/goldenbox/matrix-cubed-re/generated/ghidra/deep_start_unpacked/decompiled/1602_0e39_FUN_1602_0e39.c
1602:10c7	FUN_1602_10c7	true	false		/home/jzatopa/.openclaw/workspaces/goldenbox/matrix-cubed-re/generated/ghidra/deep_start_unpacked/decompiled/1602_10c7_FUN_1602_10c7.c
1602:10e5	FUN_1602_10e5	true	false		/home/jzatopa/.openclaw/workspaces/goldenbox/matrix-cubed-re/generated/ghidra/deep_start_unpacked/decompiled/1602_10e5_FUN_1602_10e5.c
1602:1113	FUN_1602_1113	true	false		/home/jzatopa/.openclaw/workspaces/goldenbox/matrix-cubed-re/generated/ghidra/deep_start_unpacked/decompiled/1602_1113_FUN_1602_1113.c
1602:113c	FUN_1602_113c	true	false		/home/jzatopa/.openclaw/workspaces/goldenbox/matrix-cubed-re/generated/ghidra/deep_start_unpacked/decompiled/1602_113c_FUN_1602_113c.c
1602:1243	FUN_1602_1243	true	false		/home/jzatopa/.openclaw/workspaces/goldenbox/matrix-cubed-re/generated/ghidra/deep_start_unpacked/decompiled/1602_1243_FUN_1602_1243.c
1602:1309	FUN_1602_1309	true	false		/home/jzatopa/.openclaw/workspaces/goldenbox/matrix-cubed-re/generated/ghidra/deep_start_unpacked/decompiled/1602_1309_FUN_1602_1309.c
1602:131e	FUN_1602_131e	true	false		/home/jzatopa/.openclaw/workspaces/goldenbox/matrix-cubed-re/generated/ghidra/deep_start_unpacked/decompiled/1602_131e_FUN_1602_131e.c
1602:135a	FUN_1602_135a	true	false		/home/jzatopa/.openclaw/workspaces/goldenbox/matrix-cubed-re/generated/ghidra/deep_start_unpacked/decompiled/1602_135a_FUN_1602_135a.c
1602:15a1	FUN_1602_15a1	true	false		/home/jzatopa/.openclaw/workspaces/goldenbox/matrix-cubed-re/generated/ghidra/deep_start_unpacked/decompiled/1602_15a1_FUN_1602_15a1.c
1602:15a6	FUN_1602_15a6	true	false		/home/jzatopa/.openclaw/workspaces/goldenbox/matrix-cubed-re/generated/ghidra/deep_start_unpacked/decompiled/1602_15a6_FUN_1602_15a6.c
1602:1645	FUN_1602_1645	true	false		/home/jzatopa/.openclaw/workspaces/goldenbox/matrix-cubed-re/generated/ghidra/deep_start_unpacked/decompiled/1602_1645_FUN_1602_1645.c
1602:16a5	FUN_1602_16a5	true	false		/home/jzatopa/.openclaw/workspaces/goldenbox/matrix-cubed-re/generated/ghidra/deep_start_unpacked/decompiled/1602_16a5_FUN_1602_16a5.c
1602:17b4	FUN_1602_17b4	true	false		/home/jzatopa/.openclaw/workspaces/goldenbox/matrix-cubed-re/generated/ghidra/deep_start_unpacked/decompiled/1602_17b4_FUN_1602_17b4.c
1784:0000	FUN_1784_0000	true	false		/home/jzatopa/.openclaw/workspaces/goldenbox/matrix-cubed-re/generated/ghidra/deep_start_unpacked/decompiled/1784_0000_FUN_1784_0000.c
1784:0026	FUN_1784_0026	true	false		/home/jzatopa/.openclaw/workspaces/goldenbox/matrix-cubed-re/generated/ghidra/deep_start_unpacked/decompiled/1784_0026_FUN_1784_0026.c
1784:0053	FUN_1784_0053	true	false		/home/jzatopa/.openclaw/workspaces/goldenbox/matrix-cubed-re/generated/ghidra/deep_start_unpacked/decompiled/1784_0053_FUN_1784_0053.c
1784:0064	FUN_1784_0064	true	false		/home/jzatopa/.openclaw/workspaces/goldenbox/matrix-cubed-re/generated/ghidra/deep_start_unpacked/decompiled/1784_0064_FUN_1784_0064.c
178b:0000	FUN_178b_0000	true	false		/home/jzatopa/.openclaw/workspaces/goldenbox/matrix-cubed-re/generated/ghidra/deep_start_unpacked/decompiled/178b_0000_FUN_178b_0000.c
178b:0020	FUN_178b_0020	true	false		/home/jzatopa/.openclaw/workspaces/goldenbox/matrix-cubed-re/generated/ghidra/deep_start_unpacked/decompiled/178b_0020_FUN_178b_0020.c
178b:0037	FUN_178b_0037	true	false		/home/jzatopa/.openclaw/workspaces/goldenbox/matrix-cubed-re/generated/ghidra/deep_start_unpacked/decompiled/178b_0037_FUN_178b_0037.c
178b:00a3	FUN_178b_00a3	true	false		/home/jzatopa/.openclaw/workspaces/goldenbox/matrix-cubed-re/generated/ghidra/deep_start_unpacked/decompiled/178b_00a3_FUN_178b_00a3.c
178b:0113	FUN_178b_0113	true	false		/home/jzatopa/.openclaw/workspaces/goldenbox/matrix-cubed-re/generated/ghidra/deep_start_unpacked/decompiled/178b_0113_FUN_178b_0113.c
178b:0131	FUN_178b_0131	true	false		/home/jzatopa/.openclaw/workspaces/goldenbox/matrix-cubed-re/generated/ghidra/deep_start_unpacked/decompiled/178b_0131_FUN_178b_0131.c
178b:018b	FUN_178b_018b	true	false		/home/jzatopa/.openclaw/workspaces/goldenbox/matrix-cubed-re/generated/ghidra/deep_start_unpacked/decompiled/178b_018b_FUN_178b_018b.c
178b:01ff	FUN_178b_01ff	true	false		/home/jzatopa/.openclaw/workspaces/goldenbox/matrix-cubed-re/generated/ghidra/deep_start_unpacked/decompiled/178b_01ff_FUN_178b_01ff.c
178b:02e6	FUN_178b_02e6	true	false		/home/jzatopa/.openclaw/workspaces/goldenbox/matrix-cubed-re/generated/ghidra/deep_start_unpacked/decompiled/178b_02e6_FUN_178b_02e6.c
178b:051b	FUN_178b_051b	true	false		/home/jzatopa/.openclaw/workspaces/goldenbox/matrix-cubed-re/generated/ghidra/deep_start_unpacked/decompiled/178b_051b_FUN_178b_051b.c
178b:0565	FUN_178b_0565	true	false		/home/jzatopa/.openclaw/workspaces/goldenbox/matrix-cubed-re/generated/ghidra/deep_start_unpacked/decompiled/178b_0565_FUN_178b_0565.c
178b:0634	FUN_178b_0634	true	false		/home/jzatopa/.openclaw/workspaces/goldenbox/matrix-cubed-re/generated/ghidra/deep_start_unpacked/decompiled/178b_0634_FUN_178b_0634.c
178b:071e	FUN_178b_071e	true	false		/home/jzatopa/.openclaw/workspaces/goldenbox/matrix-cubed-re/generated/ghidra/deep_start_unpacked/decompiled/178b_071e_FUN_178b_071e.c
178b:07da	FUN_178b_07da	true	false		/home/jzatopa/.openclaw/workspaces/goldenbox/matrix-cubed-re/generated/ghidra/deep_start_unpacked/decompiled/178b_07da_FUN_178b_07da.c
178b:08cd	FUN_178b_08cd	true	false		/home/jzatopa/.openclaw/workspaces/goldenbox/matrix-cubed-re/generated/ghidra/deep_start_unpacked/decompiled/178b_08cd_FUN_178b_08cd.c
178b:08e8	FUN_178b_08e8	true	false		/home/jzatopa/.openclaw/workspaces/goldenbox/matrix-cubed-re/generated/ghidra/deep_start_unpacked/decompiled/178b_08e8_FUN_178b_08e8.c
178b:0a84	FUN_178b_0a84	true	false		/home/jzatopa/.openclaw/workspaces/goldenbox/matrix-cubed-re/generated/ghidra/deep_start_unpacked/decompiled/178b_0a84_FUN_178b_0a84.c
178b:0a97	FUN_178b_0a97	true	false		/home/jzatopa/.openclaw/workspaces/goldenbox/matrix-cubed-re/generated/ghidra/deep_start_unpacked/decompiled/178b_0a97_FUN_178b_0a97.c
178b:0aa2	FUN_178b_0aa2	true	false		/home/jzatopa/.openclaw/workspaces/goldenbox/matrix-cubed-re/generated/ghidra/deep_start_unpacked/decompiled/178b_0aa2_FUN_178b_0aa2.c
1836:0000	FUN_1836_0000	true	false		/home/jzatopa/.openclaw/workspaces/goldenbox/matrix-cubed-re/generated/ghidra/deep_start_unpacked/decompiled/1836_0000_FUN_1836_0000.c
1836:005f	FUN_1836_005f	true	false		/home/jzatopa/.openclaw/workspaces/goldenbox/matrix-cubed-re/generated/ghidra/deep_start_unpacked/decompiled/1836_005f_FUN_1836_005f.c
1836:006b	FUN_1836_006b	true	false		/home/jzatopa/.openclaw/workspaces/goldenbox/matrix-cubed-re/generated/ghidra/deep_start_unpacked/decompiled/1836_006b_FUN_1836_006b.c
1836:011e	FUN_1836_011e	true	false		/home/jzatopa/.openclaw/workspaces/goldenbox/matrix-cubed-re/generated/ghidra/deep_start_unpacked/decompiled/1836_011e_FUN_1836_011e.c
1836:01c7	FUN_1836_01c7	true	false		/home/jzatopa/.openclaw/workspaces/goldenbox/matrix-cubed-re/generated/ghidra/deep_start_unpacked/decompiled/1836_01c7_FUN_1836_01c7.c
1836:0335	FUN_1836_0335	true	false		/home/jzatopa/.openclaw/workspaces/goldenbox/matrix-cubed-re/generated/ghidra/deep_start_unpacked/decompiled/1836_0335_FUN_1836_0335.c
1836:03cf	FUN_1836_03cf	true	false		/home/jzatopa/.openclaw/workspaces/goldenbox/matrix-cubed-re/generated/ghidra/deep_start_unpacked/decompiled/1836_03cf_FUN_1836_03cf.c
1836:03ec	FUN_1836_03ec	true	false		/home/jzatopa/.openclaw/workspaces/goldenbox/matrix-cubed-re/generated/ghidra/deep_start_unpacked/decompiled/1836_03ec_FUN_1836_03ec.c
1836:0405	FUN_1836_0405	true	false		/home/jzatopa/.openclaw/workspaces/goldenbox/matrix-cubed-re/generated/ghidra/deep_start_unpacked/decompiled/1836_0405_FUN_1836_0405.c
1836:043d	FUN_1836_043d	true	false		/home/jzatopa/.openclaw/workspaces/goldenbox/matrix-cubed-re/generated/ghidra/deep_start_unpacked/decompiled/1836_043d_FUN_1836_043d.c
187b:0000	FUN_187b_0000	true	false		/home/jzatopa/.openclaw/workspaces/goldenbox/matrix-cubed-re/generated/ghidra/deep_start_unpacked/decompiled/187b_0000_FUN_187b_0000.c
187b:0132	FUN_187b_0132	true	false		/home/jzatopa/.openclaw/workspaces/goldenbox/matrix-cubed-re/generated/ghidra/deep_start_unpacked/decompiled/187b_0132_FUN_187b_0132.c
187b:026d	FUN_187b_026d	true	false		/home/jzatopa/.openclaw/workspaces/goldenbox/matrix-cubed-re/generated/ghidra/deep_start_unpacked/decompiled/187b_026d_FUN_187b_026d.c
187b:029c	FUN_187b_029c	true	false		/home/jzatopa/.openclaw/workspaces/goldenbox/matrix-cubed-re/generated/ghidra/deep_start_unpacked/decompiled/187b_029c_FUN_187b_029c.c
187b:02c3	FUN_187b_02c3	true	false		/home/jzatopa/.openclaw/workspaces/goldenbox/matrix-cubed-re/generated/ghidra/deep_start_unpacked/decompiled/187b_02c3_FUN_187b_02c3.c
187b:0361	FUN_187b_0361	true	false		/home/jzatopa/.openclaw/workspaces/goldenbox/matrix-cubed-re/generated/ghidra/deep_start_unpacked/decompiled/187b_0361_FUN_187b_0361.c
187b:040f	FUN_187b_040f	true	false		/home/jzatopa/.openclaw/workspaces/goldenbox/matrix-cubed-re/generated/ghidra/deep_start_unpacked/decompiled/187b_040f_FUN_187b_040f.c
187b:049f	FUN_187b_049f	true	false		/home/jzatopa/.openclaw/workspaces/goldenbox/matrix-cubed-re/generated/ghidra/deep_start_unpacked/decompiled/187b_049f_FUN_187b_049f.c
187b:058f	FUN_187b_058f	true	false		/home/jzatopa/.openclaw/workspaces/goldenbox/matrix-cubed-re/generated/ghidra/deep_start_unpacked/decompiled/187b_058f_FUN_187b_058f.c
187b:088f	FUN_187b_088f	true	false		/home/jzatopa/.openclaw/workspaces/goldenbox/matrix-cubed-re/generated/ghidra/deep_start_unpacked/decompiled/187b_088f_FUN_187b_088f.c
187b:0c4e	FUN_187b_0c4e	true	false		/home/jzatopa/.openclaw/workspaces/goldenbox/matrix-cubed-re/generated/ghidra/deep_start_unpacked/decompiled/187b_0c4e_FUN_187b_0c4e.c
187b:0c86	FUN_187b_0c86	true	false		/home/jzatopa/.openclaw/workspaces/goldenbox/matrix-cubed-re/generated/ghidra/deep_start_unpacked/decompiled/187b_0c86_FUN_187b_0c86.c
187b:0d75	FUN_187b_0d75	true	false		/home/jzatopa/.openclaw/workspaces/goldenbox/matrix-cubed-re/generated/ghidra/deep_start_unpacked/decompiled/187b_0d75_FUN_187b_0d75.c
187b:0db8	FUN_187b_0db8	true	false		/home/jzatopa/.openclaw/workspaces/goldenbox/matrix-cubed-re/generated/ghidra/deep_start_unpacked/decompiled/187b_0db8_FUN_187b_0db8.c
187b:0df7	FUN_187b_0df7	true	false		/home/jzatopa/.openclaw/workspaces/goldenbox/matrix-cubed-re/generated/ghidra/deep_start_unpacked/decompiled/187b_0df7_FUN_187b_0df7.c
187b:0e1d	FUN_187b_0e1d	true	false		/home/jzatopa/.openclaw/workspaces/goldenbox/matrix-cubed-re/generated/ghidra/deep_start_unpacked/decompiled/187b_0e1d_FUN_187b_0e1d.c
187b:0e46	FUN_187b_0e46	true	false		/home/jzatopa/.openclaw/workspaces/goldenbox/matrix-cubed-re/generated/ghidra/deep_start_unpacked/decompiled/187b_0e46_FUN_187b_0e46.c
187b:0e70	FUN_187b_0e70	true	false		/home/jzatopa/.openclaw/workspaces/goldenbox/matrix-cubed-re/generated/ghidra/deep_start_unpacked/decompiled/187b_0e70_FUN_187b_0e70.c
187b:0ebb	FUN_187b_0ebb	true	false		/home/jzatopa/.openclaw/workspaces/goldenbox/matrix-cubed-re/generated/ghidra/deep_start_unpacked/decompiled/187b_0ebb_FUN_187b_0ebb.c
187b:0f50	FUN_187b_0f50	true	false		/home/jzatopa/.openclaw/workspaces/goldenbox/matrix-cubed-re/generated/ghidra/deep_start_unpacked/decompiled/187b_0f50_FUN_187b_0f50.c
187b:0f94	FUN_187b_0f94	true	false		/home/jzatopa/.openclaw/workspaces/goldenbox/matrix-cubed-re/generated/ghidra/deep_start_unpacked/decompiled/187b_0f94_FUN_187b_0f94.c
187b:0ff9	FUN_187b_0ff9	true	false		/home/jzatopa/.openclaw/workspaces/goldenbox/matrix-cubed-re/generated/ghidra/deep_start_unpacked/decompiled/187b_0ff9_FUN_187b_0ff9.c
187b:1094	FUN_187b_1094	true	false		/home/jzatopa/.openclaw/workspaces/goldenbox/matrix-cubed-re/generated/ghidra/deep_start_unpacked/decompiled/187b_1094_FUN_187b_1094.c
187b:10d8	FUN_187b_10d8	true	false		/home/jzatopa/.openclaw/workspaces/goldenbox/matrix-cubed-re/generated/ghidra/deep_start_unpacked/decompiled/187b_10d8_FUN_187b_10d8.c
187b:10f6	FUN_187b_10f6	true	false		/home/jzatopa/.openclaw/workspaces/goldenbox/matrix-cubed-re/generated/ghidra/deep_start_unpacked/decompiled/187b_10f6_FUN_187b_10f6.c
187b:113c	FUN_187b_113c	true	false		/home/jzatopa/.openclaw/workspaces/goldenbox/matrix-cubed-re/generated/ghidra/deep_start_unpacked/decompiled/187b_113c_FUN_187b_113c.c
187b:1182	FUN_187b_1182	true	false		/home/jzatopa/.openclaw/workspaces/goldenbox/matrix-cubed-re/generated/ghidra/deep_start_unpacked/decompiled/187b_1182_FUN_187b_1182.c
187b:11d7	FUN_187b_11d7	true	false		/home/jzatopa/.openclaw/workspaces/goldenbox/matrix-cubed-re/generated/ghidra/deep_start_unpacked/decompiled/187b_11d7_FUN_187b_11d7.c
187b:1218	FUN_187b_1218	true	false		/home/jzatopa/.openclaw/workspaces/goldenbox/matrix-cubed-re/generated/ghidra/deep_start_unpacked/decompiled/187b_1218_FUN_187b_1218.c
187b:1254	FUN_187b_1254	true	false		/home/jzatopa/.openclaw/workspaces/goldenbox/matrix-cubed-re/generated/ghidra/deep_start_unpacked/decompiled/187b_1254_FUN_187b_1254.c
187b:126c	FUN_187b_126c	true	false		/home/jzatopa/.openclaw/workspaces/goldenbox/matrix-cubed-re/generated/ghidra/deep_start_unpacked/decompiled/187b_126c_FUN_187b_126c.c
187b:12f6	FUN_187b_12f6	true	false		/home/jzatopa/.openclaw/workspaces/goldenbox/matrix-cubed-re/generated/ghidra/deep_start_unpacked/decompiled/187b_12f6_FUN_187b_12f6.c
187b:1324	FUN_187b_1324	true	false		/home/jzatopa/.openclaw/workspaces/goldenbox/matrix-cubed-re/generated/ghidra/deep_start_unpacked/decompiled/187b_1324_FUN_187b_1324.c
187b:134a	FUN_187b_134a	true	false		/home/jzatopa/.openclaw/workspaces/goldenbox/matrix-cubed-re/generated/ghidra/deep_start_unpacked/decompiled/187b_134a_FUN_187b_134a.c
187b:1350	FUN_187b_1350	true	false		/home/jzatopa/.openclaw/workspaces/goldenbox/matrix-cubed-re/generated/ghidra/deep_start_unpacked/decompiled/187b_1350_FUN_187b_1350.c
187b:13fc	FUN_187b_13fc	true	false		/home/jzatopa/.openclaw/workspaces/goldenbox/matrix-cubed-re/generated/ghidra/deep_start_unpacked/decompiled/187b_13fc_FUN_187b_13fc.c
187b:147d	FUN_187b_147d	true	false		/home/jzatopa/.openclaw/workspaces/goldenbox/matrix-cubed-re/generated/ghidra/deep_start_unpacked/decompiled/187b_147d_FUN_187b_147d.c
187b:1483	FUN_187b_1483	true	false		/home/jzatopa/.openclaw/workspaces/goldenbox/matrix-cubed-re/generated/ghidra/deep_start_unpacked/decompiled/187b_1483_FUN_187b_1483.c
187b:148f	FUN_187b_148f	true	false		/home/jzatopa/.openclaw/workspaces/goldenbox/matrix-cubed-re/generated/ghidra/deep_start_unpacked/decompiled/187b_148f_FUN_187b_148f.c
187b:1495	FUN_187b_1495	true	false		/home/jzatopa/.openclaw/workspaces/goldenbox/matrix-cubed-re/generated/ghidra/deep_start_unpacked/decompiled/187b_1495_FUN_187b_1495.c
187b:149b	FUN_187b_149b	true	false		/home/jzatopa/.openclaw/workspaces/goldenbox/matrix-cubed-re/generated/ghidra/deep_start_unpacked/decompiled/187b_149b_FUN_187b_149b.c
187b:14a1	FUN_187b_14a1	true	false		/home/jzatopa/.openclaw/workspaces/goldenbox/matrix-cubed-re/generated/ghidra/deep_start_unpacked/decompiled/187b_14a1_FUN_187b_14a1.c
187b:14b9	FUN_187b_14b9	true	false		/home/jzatopa/.openclaw/workspaces/goldenbox/matrix-cubed-re/generated/ghidra/deep_start_unpacked/decompiled/187b_14b9_FUN_187b_14b9.c
187b:14cb	FUN_187b_14cb	true	false		/home/jzatopa/.openclaw/workspaces/goldenbox/matrix-cubed-re/generated/ghidra/deep_start_unpacked/decompiled/187b_14cb_FUN_187b_14cb.c
187b:1543	FUN_187b_1543	true	false		/home/jzatopa/.openclaw/workspaces/goldenbox/matrix-cubed-re/generated/ghidra/deep_start_unpacked/decompiled/187b_1543_FUN_187b_1543.c
187b:1548	FUN_187b_1548	true	false		/home/jzatopa/.openclaw/workspaces/goldenbox/matrix-cubed-re/generated/ghidra/deep_start_unpacked/decompiled/187b_1548_FUN_187b_1548.c
187b:155c	FUN_187b_155c	true	false		/home/jzatopa/.openclaw/workspaces/goldenbox/matrix-cubed-re/generated/ghidra/deep_start_unpacked/decompiled/187b_155c_FUN_187b_155c.c
187b:1570	FUN_187b_1570	true	false		/home/jzatopa/.openclaw/workspaces/goldenbox/matrix-cubed-re/generated/ghidra/deep_start_unpacked/decompiled/187b_1570_FUN_187b_1570.c
187b:1581	FUN_187b_1581	true	false		/home/jzatopa/.openclaw/workspaces/goldenbox/matrix-cubed-re/generated/ghidra/deep_start_unpacked/decompiled/187b_1581_FUN_187b_1581.c
187b:159e	FUN_187b_159e	true	false		/home/jzatopa/.openclaw/workspaces/goldenbox/matrix-cubed-re/generated/ghidra/deep_start_unpacked/decompiled/187b_159e_FUN_187b_159e.c
187b:15bb	FUN_187b_15bb	true	false		/home/jzatopa/.openclaw/workspaces/goldenbox/matrix-cubed-re/generated/ghidra/deep_start_unpacked/decompiled/187b_15bb_FUN_187b_15bb.c
187b:15cc	FUN_187b_15cc	true	false		/home/jzatopa/.openclaw/workspaces/goldenbox/matrix-cubed-re/generated/ghidra/deep_start_unpacked/decompiled/187b_15cc_FUN_187b_15cc.c
187b:15dd	FUN_187b_15dd	true	false		/home/jzatopa/.openclaw/workspaces/goldenbox/matrix-cubed-re/generated/ghidra/deep_start_unpacked/decompiled/187b_15dd_FUN_187b_15dd.c
187b:15f7	FUN_187b_15f7	true	false		/home/jzatopa/.openclaw/workspaces/goldenbox/matrix-cubed-re/generated/ghidra/deep_start_unpacked/decompiled/187b_15f7_FUN_187b_15f7.c
187b:161d	FUN_187b_161d	true	false		/home/jzatopa/.openclaw/workspaces/goldenbox/matrix-cubed-re/generated/ghidra/deep_start_unpacked/decompiled/187b_161d_FUN_187b_161d.c
187b:1631	FUN_187b_1631	true	false		/home/jzatopa/.openclaw/workspaces/goldenbox/matrix-cubed-re/generated/ghidra/deep_start_unpacked/decompiled/187b_1631_FUN_187b_1631.c
187b:164e	FUN_187b_164e	true	false		/home/jzatopa/.openclaw/workspaces/goldenbox/matrix-cubed-re/generated/ghidra/deep_start_unpacked/decompiled/187b_164e_FUN_187b_164e.c
187b:1662	FUN_187b_1662	true	false		/home/jzatopa/.openclaw/workspaces/goldenbox/matrix-cubed-re/generated/ghidra/deep_start_unpacked/decompiled/187b_1662_FUN_187b_1662.c
19e3:0000	FUN_19e3_0000	true	false		/home/jzatopa/.openclaw/workspaces/goldenbox/matrix-cubed-re/generated/ghidra/deep_start_unpacked/decompiled/19e3_0000_FUN_19e3_0000.c
19e3:00a9	FUN_19e3_00a9	true	false		/home/jzatopa/.openclaw/workspaces/goldenbox/matrix-cubed-re/generated/ghidra/deep_start_unpacked/decompiled/19e3_00a9_FUN_19e3_00a9.c
19e3:00d4	FUN_19e3_00d4	true	false		/home/jzatopa/.openclaw/workspaces/goldenbox/matrix-cubed-re/generated/ghidra/deep_start_unpacked/decompiled/19e3_00d4_FUN_19e3_00d4.c
19e3:1294	FUN_19e3_1294	true	false		/home/jzatopa/.openclaw/workspaces/goldenbox/matrix-cubed-re/generated/ghidra/deep_start_unpacked/decompiled/19e3_1294_FUN_19e3_1294.c
19e3:12c9	FUN_19e3_12c9	true	false		/home/jzatopa/.openclaw/workspaces/goldenbox/matrix-cubed-re/generated/ghidra/deep_start_unpacked/decompiled/19e3_12c9_FUN_19e3_12c9.c
19e3:165a	FUN_19e3_165a	true	false		/home/jzatopa/.openclaw/workspaces/goldenbox/matrix-cubed-re/generated/ghidra/deep_start_unpacked/decompiled/19e3_165a_FUN_19e3_165a.c
19e3:16c6	FUN_19e3_16c6	true	false		/home/jzatopa/.openclaw/workspaces/goldenbox/matrix-cubed-re/generated/ghidra/deep_start_unpacked/decompiled/19e3_16c6_FUN_19e3_16c6.c
19e3:1732	FUN_19e3_1732	true	false		/home/jzatopa/.openclaw/workspaces/goldenbox/matrix-cubed-re/generated/ghidra/deep_start_unpacked/decompiled/19e3_1732_FUN_19e3_1732.c
1b58:0030	FUN_1b58_0030	true	false		/home/jzatopa/.openclaw/workspaces/goldenbox/matrix-cubed-re/generated/ghidra/deep_start_unpacked/decompiled/1b58_0030_FUN_1b58_0030.c
1b58:0051	FUN_1b58_0051	true	false		/home/jzatopa/.openclaw/workspaces/goldenbox/matrix-cubed-re/generated/ghidra/deep_start_unpacked/decompiled/1b58_0051_FUN_1b58_0051.c
1b58:0072	FUN_1b58_0072	true	false		/home/jzatopa/.openclaw/workspaces/goldenbox/matrix-cubed-re/generated/ghidra/deep_start_unpacked/decompiled/1b58_0072_FUN_1b58_0072.c
1b58:00c9	FUN_1b58_00c9	true	false		/home/jzatopa/.openclaw/workspaces/goldenbox/matrix-cubed-re/generated/ghidra/deep_start_unpacked/decompiled/1b58_00c9_FUN_1b58_00c9.c
1b58:0107	FUN_1b58_0107	true	false		/home/jzatopa/.openclaw/workspaces/goldenbox/matrix-cubed-re/generated/ghidra/deep_start_unpacked/decompiled/1b58_0107_FUN_1b58_0107.c
1b58:0146	FUN_1b58_0146	true	false		/home/jzatopa/.openclaw/workspaces/goldenbox/matrix-cubed-re/generated/ghidra/deep_start_unpacked/decompiled/1b58_0146_FUN_1b58_0146.c
1b58:0167	FUN_1b58_0167	true	false		/home/jzatopa/.openclaw/workspaces/goldenbox/matrix-cubed-re/generated/ghidra/deep_start_unpacked/decompiled/1b58_0167_FUN_1b58_0167.c
1b6f:0000	FUN_1b6f_0000	true	false		/home/jzatopa/.openclaw/workspaces/goldenbox/matrix-cubed-re/generated/ghidra/deep_start_unpacked/decompiled/1b6f_0000_FUN_1b6f_0000.c
1b6f:003b	FUN_1b6f_003b	true	false		/home/jzatopa/.openclaw/workspaces/goldenbox/matrix-cubed-re/generated/ghidra/deep_start_unpacked/decompiled/1b6f_003b_FUN_1b6f_003b.c
1b6f:0107	FUN_1b6f_0107	true	false		/home/jzatopa/.openclaw/workspaces/goldenbox/matrix-cubed-re/generated/ghidra/deep_start_unpacked/decompiled/1b6f_0107_FUN_1b6f_0107.c
1b6f:018d	FUN_1b6f_018d	true	false		/home/jzatopa/.openclaw/workspaces/goldenbox/matrix-cubed-re/generated/ghidra/deep_start_unpacked/decompiled/1b6f_018d_FUN_1b6f_018d.c
1b6f:029d	FUN_1b6f_029d	true	false		/home/jzatopa/.openclaw/workspaces/goldenbox/matrix-cubed-re/generated/ghidra/deep_start_unpacked/decompiled/1b6f_029d_FUN_1b6f_029d.c
1b6f:0608	FUN_1b6f_0608	true	false		/home/jzatopa/.openclaw/workspaces/goldenbox/matrix-cubed-re/generated/ghidra/deep_start_unpacked/decompiled/1b6f_0608_FUN_1b6f_0608.c
1b6f:060d	FUN_1b6f_060d	true	false		/home/jzatopa/.openclaw/workspaces/goldenbox/matrix-cubed-re/generated/ghidra/deep_start_unpacked/decompiled/1b6f_060d_FUN_1b6f_060d.c
1b6f:06c0	FUN_1b6f_06c0	true	false		/home/jzatopa/.openclaw/workspaces/goldenbox/matrix-cubed-re/generated/ghidra/deep_start_unpacked/decompiled/1b6f_06c0_FUN_1b6f_06c0.c
1bdc:0000	FUN_1bdc_0000	true	false		/home/jzatopa/.openclaw/workspaces/goldenbox/matrix-cubed-re/generated/ghidra/deep_start_unpacked/decompiled/1bdc_0000_FUN_1bdc_0000.c
1bdc:002e	FUN_1bdc_002e	true	false		/home/jzatopa/.openclaw/workspaces/goldenbox/matrix-cubed-re/generated/ghidra/deep_start_unpacked/decompiled/1bdc_002e_FUN_1bdc_002e.c
1bdc:0097	FUN_1bdc_0097	true	false		/home/jzatopa/.openclaw/workspaces/goldenbox/matrix-cubed-re/generated/ghidra/deep_start_unpacked/decompiled/1bdc_0097_FUN_1bdc_0097.c
1bdc:00e5	FUN_1bdc_00e5	true	false		/home/jzatopa/.openclaw/workspaces/goldenbox/matrix-cubed-re/generated/ghidra/deep_start_unpacked/decompiled/1bdc_00e5_FUN_1bdc_00e5.c
1bdc:0143	FUN_1bdc_0143	true	false		/home/jzatopa/.openclaw/workspaces/goldenbox/matrix-cubed-re/generated/ghidra/deep_start_unpacked/decompiled/1bdc_0143_FUN_1bdc_0143.c
1bdc:01c0	FUN_1bdc_01c0	true	false		/home/jzatopa/.openclaw/workspaces/goldenbox/matrix-cubed-re/generated/ghidra/deep_start_unpacked/decompiled/1bdc_01c0_FUN_1bdc_01c0.c
1bdc:029c	FUN_1bdc_029c	true	false		/home/jzatopa/.openclaw/workspaces/goldenbox/matrix-cubed-re/generated/ghidra/deep_start_unpacked/decompiled/1bdc_029c_FUN_1bdc_029c.c
1bdc:02bf	FUN_1bdc_02bf	true	false		/home/jzatopa/.openclaw/workspaces/goldenbox/matrix-cubed-re/generated/ghidra/deep_start_unpacked/decompiled/1bdc_02bf_FUN_1bdc_02bf.c
1bdc:02c7	FUN_1bdc_02c7	true	false		/home/jzatopa/.openclaw/workspaces/goldenbox/matrix-cubed-re/generated/ghidra/deep_start_unpacked/decompiled/1bdc_02c7_FUN_1bdc_02c7.c
1bdc:02f4	FUN_1bdc_02f4	true	false		/home/jzatopa/.openclaw/workspaces/goldenbox/matrix-cubed-re/generated/ghidra/deep_start_unpacked/decompiled/1bdc_02f4_FUN_1bdc_02f4.c
1bdc:02fb	FUN_1bdc_02fb	true	false		/home/jzatopa/.openclaw/workspaces/goldenbox/matrix-cubed-re/generated/ghidra/deep_start_unpacked/decompiled/1bdc_02fb_FUN_1bdc_02fb.c
1bdc:030d	FUN_1bdc_030d	true	false		/home/jzatopa/.openclaw/workspaces/goldenbox/matrix-cubed-re/generated/ghidra/deep_start_unpacked/decompiled/1bdc_030d_FUN_1bdc_030d.c
1bdc:032f	FUN_1bdc_032f	true	false		/home/jzatopa/.openclaw/workspaces/goldenbox/matrix-cubed-re/generated/ghidra/deep_start_unpacked/decompiled/1bdc_032f_FUN_1bdc_032f.c
1bdc:0392	FUN_1bdc_0392	true	false		/home/jzatopa/.openclaw/workspaces/goldenbox/matrix-cubed-re/generated/ghidra/deep_start_unpacked/decompiled/1bdc_0392_FUN_1bdc_0392.c
1bdc:0475	FUN_1bdc_0475	true	false		/home/jzatopa/.openclaw/workspaces/goldenbox/matrix-cubed-re/generated/ghidra/deep_start_unpacked/decompiled/1bdc_0475_FUN_1bdc_0475.c
1bdc:047c	FUN_1bdc_047c	true	false		/home/jzatopa/.openclaw/workspaces/goldenbox/matrix-cubed-re/generated/ghidra/deep_start_unpacked/decompiled/1bdc_047c_FUN_1bdc_047c.c
1bdc:04d5	FUN_1bdc_04d5	true	false		/home/jzatopa/.openclaw/workspaces/goldenbox/matrix-cubed-re/generated/ghidra/deep_start_unpacked/decompiled/1bdc_04d5_FUN_1bdc_04d5.c
1bdc:04f6	thunk_FUN_1bdc_0609	true	false		/home/jzatopa/.openclaw/workspaces/goldenbox/matrix-cubed-re/generated/ghidra/deep_start_unpacked/decompiled/1bdc_04f6_thunk_FUN_1bdc_0609.c
1bdc:04fd	thunk_FUN_1bdc_0609	true	false		/home/jzatopa/.openclaw/workspaces/goldenbox/matrix-cubed-re/generated/ghidra/deep_start_unpacked/decompiled/1bdc_04fd_thunk_FUN_1bdc_0609.c
1bdc:0609	FUN_1bdc_0609	true	false		/home/jzatopa/.openclaw/workspaces/goldenbox/matrix-cubed-re/generated/ghidra/deep_start_unpacked/decompiled/1bdc_0609_FUN_1bdc_0609.c
1c3e:000b	FUN_1c3e_000b	true	false		/home/jzatopa/.openclaw/workspaces/goldenbox/matrix-cubed-re/generated/ghidra/deep_start_unpacked/decompiled/1c3e_000b_FUN_1c3e_000b.c
1c3e:006c	FUN_1c3e_006c	true	false		/home/jzatopa/.openclaw/workspaces/goldenbox/matrix-cubed-re/generated/ghidra/deep_start_unpacked/decompiled/1c3e_006c_FUN_1c3e_006c.c
1c3e:008e	FUN_1c3e_008e	true	false		/home/jzatopa/.openclaw/workspaces/goldenbox/matrix-cubed-re/generated/ghidra/deep_start_unpacked/decompiled/1c3e_008e_FUN_1c3e_008e.c
1c3e:00a2	FUN_1c3e_00a2	true	false		/home/jzatopa/.openclaw/workspaces/goldenbox/matrix-cubed-re/generated/ghidra/deep_start_unpacked/decompiled/1c3e_00a2_FUN_1c3e_00a2.c
1c3e:00c7	FUN_1c3e_00c7	true	false		/home/jzatopa/.openclaw/workspaces/goldenbox/matrix-cubed-re/generated/ghidra/deep_start_unpacked/decompiled/1c3e_00c7_FUN_1c3e_00c7.c
1c3e:00de	FUN_1c3e_00de	true	false		/home/jzatopa/.openclaw/workspaces/goldenbox/matrix-cubed-re/generated/ghidra/deep_start_unpacked/decompiled/1c3e_00de_FUN_1c3e_00de.c
1c3e:00f7	FUN_1c3e_00f7	true	false		/home/jzatopa/.openclaw/workspaces/goldenbox/matrix-cubed-re/generated/ghidra/deep_start_unpacked/decompiled/1c3e_00f7_FUN_1c3e_00f7.c
1c3e:0112	FUN_1c3e_0112	true	false		/home/jzatopa/.openclaw/workspaces/goldenbox/matrix-cubed-re/generated/ghidra/deep_start_unpacked/decompiled/1c3e_0112_FUN_1c3e_0112.c
1c3e:0150	FUN_1c3e_0150	true	false		/home/jzatopa/.openclaw/workspaces/goldenbox/matrix-cubed-re/generated/ghidra/deep_start_unpacked/decompiled/1c3e_0150_FUN_1c3e_0150.c
1c3e:016a	FUN_1c3e_016a	true	false		/home/jzatopa/.openclaw/workspaces/goldenbox/matrix-cubed-re/generated/ghidra/deep_start_unpacked/decompiled/1c3e_016a_FUN_1c3e_016a.c
1c3e:018d	FUN_1c3e_018d	true	false		/home/jzatopa/.openclaw/workspaces/goldenbox/matrix-cubed-re/generated/ghidra/deep_start_unpacked/decompiled/1c3e_018d_FUN_1c3e_018d.c
1c3e:0256	FUN_1c3e_0256	true	false		/home/jzatopa/.openclaw/workspaces/goldenbox/matrix-cubed-re/generated/ghidra/deep_start_unpacked/decompiled/1c3e_0256_FUN_1c3e_0256.c
1c3e:02a8	FUN_1c3e_02a8	true	false		/home/jzatopa/.openclaw/workspaces/goldenbox/matrix-cubed-re/generated/ghidra/deep_start_unpacked/decompiled/1c3e_02a8_FUN_1c3e_02a8.c
1c6a:0012	FUN_1c6a_0012	true	false		/home/jzatopa/.openclaw/workspaces/goldenbox/matrix-cubed-re/generated/ghidra/deep_start_unpacked/decompiled/1c6a_0012_FUN_1c6a_0012.c
1c6a:00e9	FUN_1c6a_00e9	true	false		/home/jzatopa/.openclaw/workspaces/goldenbox/matrix-cubed-re/generated/ghidra/deep_start_unpacked/decompiled/1c6a_00e9_FUN_1c6a_00e9.c
1c6a:00f5	FUN_1c6a_00f5	true	false		/home/jzatopa/.openclaw/workspaces/goldenbox/matrix-cubed-re/generated/ghidra/deep_start_unpacked/decompiled/1c6a_00f5_FUN_1c6a_00f5.c
1c6a:0130	FUN_1c6a_0130	true	false		/home/jzatopa/.openclaw/workspaces/goldenbox/matrix-cubed-re/generated/ghidra/deep_start_unpacked/decompiled/1c6a_0130_FUN_1c6a_0130.c
1c6a:0188	FUN_1c6a_0188	true	false		/home/jzatopa/.openclaw/workspaces/goldenbox/matrix-cubed-re/generated/ghidra/deep_start_unpacked/decompiled/1c6a_0188_FUN_1c6a_0188.c
1c6a:01a3	FUN_1c6a_01a3	true	false		/home/jzatopa/.openclaw/workspaces/goldenbox/matrix-cubed-re/generated/ghidra/deep_start_unpacked/decompiled/1c6a_01a3_FUN_1c6a_01a3.c
1c6a:01f2	FUN_1c6a_01f2	true	false		/home/jzatopa/.openclaw/workspaces/goldenbox/matrix-cubed-re/generated/ghidra/deep_start_unpacked/decompiled/1c6a_01f2_FUN_1c6a_01f2.c
1c6a:024e	FUN_1c6a_024e	true	false		/home/jzatopa/.openclaw/workspaces/goldenbox/matrix-cubed-re/generated/ghidra/deep_start_unpacked/decompiled/1c6a_024e_FUN_1c6a_024e.c
1c6a:025b	FUN_1c6a_025b	true	false		/home/jzatopa/.openclaw/workspaces/goldenbox/matrix-cubed-re/generated/ghidra/deep_start_unpacked/decompiled/1c6a_025b_FUN_1c6a_025b.c
1cc0:0000	FUN_1cc0_0000	true	false		/home/jzatopa/.openclaw/workspaces/goldenbox/matrix-cubed-re/generated/ghidra/deep_start_unpacked/decompiled/1cc0_0000_FUN_1cc0_0000.c
1cc0:00e2	FUN_1cc0_00e2	true	false		/home/jzatopa/.openclaw/workspaces/goldenbox/matrix-cubed-re/generated/ghidra/deep_start_unpacked/decompiled/1cc0_00e2_FUN_1cc0_00e2.c
1cc0:00e9	FUN_1cc0_00e9	true	false		/home/jzatopa/.openclaw/workspaces/goldenbox/matrix-cubed-re/generated/ghidra/deep_start_unpacked/decompiled/1cc0_00e9_FUN_1cc0_00e9.c
1cc0:01a5	FUN_1cc0_01a5	true	false		/home/jzatopa/.openclaw/workspaces/goldenbox/matrix-cubed-re/generated/ghidra/deep_start_unpacked/decompiled/1cc0_01a5_FUN_1cc0_01a5.c
1cc0:01b3	FUN_1cc0_01b3	true	false		/home/jzatopa/.openclaw/workspaces/goldenbox/matrix-cubed-re/generated/ghidra/deep_start_unpacked/decompiled/1cc0_01b3_FUN_1cc0_01b3.c
1cc0:01bf	FUN_1cc0_01bf	true	false		/home/jzatopa/.openclaw/workspaces/goldenbox/matrix-cubed-re/generated/ghidra/deep_start_unpacked/decompiled/1cc0_01bf_FUN_1cc0_01bf.c
1cc0:01cd	FUN_1cc0_01cd	true	false		/home/jzatopa/.openclaw/workspaces/goldenbox/matrix-cubed-re/generated/ghidra/deep_start_unpacked/decompiled/1cc0_01cd_FUN_1cc0_01cd.c
1cc0:01d4	FUN_1cc0_01d4	true	false		/home/jzatopa/.openclaw/workspaces/goldenbox/matrix-cubed-re/generated/ghidra/deep_start_unpacked/decompiled/1cc0_01d4_FUN_1cc0_01d4.c
1cc0:01df	FUN_1cc0_01df	true	false		/home/jzatopa/.openclaw/workspaces/goldenbox/matrix-cubed-re/generated/ghidra/deep_start_unpacked/decompiled/1cc0_01df_FUN_1cc0_01df.c
1cc0:01e7	FUN_1cc0_01e7	true	false		/home/jzatopa/.openclaw/workspaces/goldenbox/matrix-cubed-re/generated/ghidra/deep_start_unpacked/decompiled/1cc0_01e7_FUN_1cc0_01e7.c
1cc0:023f	FUN_1cc0_023f	true	false		/home/jzatopa/.openclaw/workspaces/goldenbox/matrix-cubed-re/generated/ghidra/deep_start_unpacked/decompiled/1cc0_023f_FUN_1cc0_023f.c
1cc0:0254	FUN_1cc0_0254	true	false		/home/jzatopa/.openclaw/workspaces/goldenbox/matrix-cubed-re/generated/ghidra/deep_start_unpacked/decompiled/1cc0_0254_FUN_1cc0_0254.c
1cc0:029c	FUN_1cc0_029c	true	false		/home/jzatopa/.openclaw/workspaces/goldenbox/matrix-cubed-re/generated/ghidra/deep_start_unpacked/decompiled/1cc0_029c_FUN_1cc0_029c.c
1cc0:0308	FUN_1cc0_0308	true	false		/home/jzatopa/.openclaw/workspaces/goldenbox/matrix-cubed-re/generated/ghidra/deep_start_unpacked/decompiled/1cc0_0308_FUN_1cc0_0308.c
1cc0:030f	FUN_1cc0_030f	true	false		/home/jzatopa/.openclaw/workspaces/goldenbox/matrix-cubed-re/generated/ghidra/deep_start_unpacked/decompiled/1cc0_030f_FUN_1cc0_030f.c
1cc0:0313	FUN_1cc0_0313	true	false		/home/jzatopa/.openclaw/workspaces/goldenbox/matrix-cubed-re/generated/ghidra/deep_start_unpacked/decompiled/1cc0_0313_FUN_1cc0_0313.c
1cc0:03d3	FUN_1cc0_03d3	true	false		/home/jzatopa/.openclaw/workspaces/goldenbox/matrix-cubed-re/generated/ghidra/deep_start_unpacked/decompiled/1cc0_03d3_FUN_1cc0_03d3.c
1cc0:0432	FUN_1cc0_0432	true	false		/home/jzatopa/.openclaw/workspaces/goldenbox/matrix-cubed-re/generated/ghidra/deep_start_unpacked/decompiled/1cc0_0432_FUN_1cc0_0432.c
1cc0:0491	FUN_1cc0_0491	true	false		/home/jzatopa/.openclaw/workspaces/goldenbox/matrix-cubed-re/generated/ghidra/deep_start_unpacked/decompiled/1cc0_0491_FUN_1cc0_0491.c
1cc0:04a2	FUN_1cc0_04a2	true	false		/home/jzatopa/.openclaw/workspaces/goldenbox/matrix-cubed-re/generated/ghidra/deep_start_unpacked/decompiled/1cc0_04a2_FUN_1cc0_04a2.c
1cc0:04f5	FUN_1cc0_04f5	true	false		/home/jzatopa/.openclaw/workspaces/goldenbox/matrix-cubed-re/generated/ghidra/deep_start_unpacked/decompiled/1cc0_04f5_FUN_1cc0_04f5.c
1cc0:0565	FUN_1cc0_0565	true	false		/home/jzatopa/.openclaw/workspaces/goldenbox/matrix-cubed-re/generated/ghidra/deep_start_unpacked/decompiled/1cc0_0565_FUN_1cc0_0565.c
1cc0:056a	FUN_1cc0_056a	true	false		/home/jzatopa/.openclaw/workspaces/goldenbox/matrix-cubed-re/generated/ghidra/deep_start_unpacked/decompiled/1cc0_056a_FUN_1cc0_056a.c
1cc0:0572	FUN_1cc0_0572	true	false		/home/jzatopa/.openclaw/workspaces/goldenbox/matrix-cubed-re/generated/ghidra/deep_start_unpacked/decompiled/1cc0_0572_FUN_1cc0_0572.c
1cc0:05bf	FUN_1cc0_05bf	true	false		/home/jzatopa/.openclaw/workspaces/goldenbox/matrix-cubed-re/generated/ghidra/deep_start_unpacked/decompiled/1cc0_05bf_FUN_1cc0_05bf.c
1cc0:05fb	FUN_1cc0_05fb	true	false		/home/jzatopa/.openclaw/workspaces/goldenbox/matrix-cubed-re/generated/ghidra/deep_start_unpacked/decompiled/1cc0_05fb_FUN_1cc0_05fb.c
1cc0:0776	FUN_1cc0_0776	true	false		/home/jzatopa/.openclaw/workspaces/goldenbox/matrix-cubed-re/generated/ghidra/deep_start_unpacked/decompiled/1cc0_0776_FUN_1cc0_0776.c
1cc0:079a	FUN_1cc0_079a	true	false		/home/jzatopa/.openclaw/workspaces/goldenbox/matrix-cubed-re/generated/ghidra/deep_start_unpacked/decompiled/1cc0_079a_FUN_1cc0_079a.c
1cc0:07b6	FUN_1cc0_07b6	true	false		/home/jzatopa/.openclaw/workspaces/goldenbox/matrix-cubed-re/generated/ghidra/deep_start_unpacked/decompiled/1cc0_07b6_FUN_1cc0_07b6.c
1cc0:07da	FUN_1cc0_07da	true	false		/home/jzatopa/.openclaw/workspaces/goldenbox/matrix-cubed-re/generated/ghidra/deep_start_unpacked/decompiled/1cc0_07da_FUN_1cc0_07da.c
1cc0:07e9	FUN_1cc0_07e9	true	false		/home/jzatopa/.openclaw/workspaces/goldenbox/matrix-cubed-re/generated/ghidra/deep_start_unpacked/decompiled/1cc0_07e9_FUN_1cc0_07e9.c
1cc0:081a	FUN_1cc0_081a	true	false		/home/jzatopa/.openclaw/workspaces/goldenbox/matrix-cubed-re/generated/ghidra/deep_start_unpacked/decompiled/1cc0_081a_FUN_1cc0_081a.c
1cc0:0848	FUN_1cc0_0848	true	false		/home/jzatopa/.openclaw/workspaces/goldenbox/matrix-cubed-re/generated/ghidra/deep_start_unpacked/decompiled/1cc0_0848_FUN_1cc0_0848.c
1cc0:086c	FUN_1cc0_086c	true	false		/home/jzatopa/.openclaw/workspaces/goldenbox/matrix-cubed-re/generated/ghidra/deep_start_unpacked/decompiled/1cc0_086c_FUN_1cc0_086c.c
1cc0:0879	FUN_1cc0_0879	true	false		/home/jzatopa/.openclaw/workspaces/goldenbox/matrix-cubed-re/generated/ghidra/deep_start_unpacked/decompiled/1cc0_0879_FUN_1cc0_0879.c
1cc0:0896	FUN_1cc0_0896	true	false		/home/jzatopa/.openclaw/workspaces/goldenbox/matrix-cubed-re/generated/ghidra/deep_start_unpacked/decompiled/1cc0_0896_FUN_1cc0_0896.c
1cc0:08b5	FUN_1cc0_08b5	true	false		/home/jzatopa/.openclaw/workspaces/goldenbox/matrix-cubed-re/generated/ghidra/deep_start_unpacked/decompiled/1cc0_08b5_FUN_1cc0_08b5.c
1cc0:08df	FUN_1cc0_08df	true	false		/home/jzatopa/.openclaw/workspaces/goldenbox/matrix-cubed-re/generated/ghidra/deep_start_unpacked/decompiled/1cc0_08df_FUN_1cc0_08df.c
1cc0:0917	FUN_1cc0_0917	true	false		/home/jzatopa/.openclaw/workspaces/goldenbox/matrix-cubed-re/generated/ghidra/deep_start_unpacked/decompiled/1cc0_0917_FUN_1cc0_0917.c
1cc0:0955	FUN_1cc0_0955	true	false		/home/jzatopa/.openclaw/workspaces/goldenbox/matrix-cubed-re/generated/ghidra/deep_start_unpacked/decompiled/1cc0_0955_FUN_1cc0_0955.c
1cc0:09ad	FUN_1cc0_09ad	true	false		/home/jzatopa/.openclaw/workspaces/goldenbox/matrix-cubed-re/generated/ghidra/deep_start_unpacked/decompiled/1cc0_09ad_FUN_1cc0_09ad.c
1cc0:09f6	FUN_1cc0_09f6	true	false		/home/jzatopa/.openclaw/workspaces/goldenbox/matrix-cubed-re/generated/ghidra/deep_start_unpacked/decompiled/1cc0_09f6_FUN_1cc0_09f6.c
1cc0:0a12	FUN_1cc0_0a12	true	false		/home/jzatopa/.openclaw/workspaces/goldenbox/matrix-cubed-re/generated/ghidra/deep_start_unpacked/decompiled/1cc0_0a12_FUN_1cc0_0a12.c
1cc0:0a2d	FUN_1cc0_0a2d	true	false		/home/jzatopa/.openclaw/workspaces/goldenbox/matrix-cubed-re/generated/ghidra/deep_start_unpacked/decompiled/1cc0_0a2d_FUN_1cc0_0a2d.c
1cc0:0aa7	FUN_1cc0_0aa7	true	false		/home/jzatopa/.openclaw/workspaces/goldenbox/matrix-cubed-re/generated/ghidra/deep_start_unpacked/decompiled/1cc0_0aa7_FUN_1cc0_0aa7.c
1cc0:0ac2	FUN_1cc0_0ac2	true	false		/home/jzatopa/.openclaw/workspaces/goldenbox/matrix-cubed-re/generated/ghidra/deep_start_unpacked/decompiled/1cc0_0ac2_FUN_1cc0_0ac2.c
1cc0:0adc	FUN_1cc0_0adc	true	false		/home/jzatopa/.openclaw/workspaces/goldenbox/matrix-cubed-re/generated/ghidra/deep_start_unpacked/decompiled/1cc0_0adc_FUN_1cc0_0adc.c
1cc0:0b0e	FUN_1cc0_0b0e	true	false		/home/jzatopa/.openclaw/workspaces/goldenbox/matrix-cubed-re/generated/ghidra/deep_start_unpacked/decompiled/1cc0_0b0e_FUN_1cc0_0b0e.c
1cc0:0b4f	FUN_1cc0_0b4f	true	false		/home/jzatopa/.openclaw/workspaces/goldenbox/matrix-cubed-re/generated/ghidra/deep_start_unpacked/decompiled/1cc0_0b4f_FUN_1cc0_0b4f.c
1cc0:0bc7	FUN_1cc0_0bc7	true	false		/home/jzatopa/.openclaw/workspaces/goldenbox/matrix-cubed-re/generated/ghidra/deep_start_unpacked/decompiled/1cc0_0bc7_FUN_1cc0_0bc7.c
1cc0:0bf2	FUN_1cc0_0bf2	true	false		/home/jzatopa/.openclaw/workspaces/goldenbox/matrix-cubed-re/generated/ghidra/deep_start_unpacked/decompiled/1cc0_0bf2_FUN_1cc0_0bf2.c
1cc0:0c1f	FUN_1cc0_0c1f	true	false		/home/jzatopa/.openclaw/workspaces/goldenbox/matrix-cubed-re/generated/ghidra/deep_start_unpacked/decompiled/1cc0_0c1f_FUN_1cc0_0c1f.c
1cc0:0c73	FUN_1cc0_0c73	true	false		/home/jzatopa/.openclaw/workspaces/goldenbox/matrix-cubed-re/generated/ghidra/deep_start_unpacked/decompiled/1cc0_0c73_FUN_1cc0_0c73.c
1cc0:0cc9	FUN_1cc0_0cc9	true	false		/home/jzatopa/.openclaw/workspaces/goldenbox/matrix-cubed-re/generated/ghidra/deep_start_unpacked/decompiled/1cc0_0cc9_FUN_1cc0_0cc9.c
1cc0:0cf3	FUN_1cc0_0cf3	true	false		/home/jzatopa/.openclaw/workspaces/goldenbox/matrix-cubed-re/generated/ghidra/deep_start_unpacked/decompiled/1cc0_0cf3_FUN_1cc0_0cf3.c
1cc0:0d23	FUN_1cc0_0d23	true	false		/home/jzatopa/.openclaw/workspaces/goldenbox/matrix-cubed-re/generated/ghidra/deep_start_unpacked/decompiled/1cc0_0d23_FUN_1cc0_0d23.c
1cc0:0d77	FUN_1cc0_0d77	true	false		/home/jzatopa/.openclaw/workspaces/goldenbox/matrix-cubed-re/generated/ghidra/deep_start_unpacked/decompiled/1cc0_0d77_FUN_1cc0_0d77.c
1cc0:15ea	FUN_1cc0_15ea	true	false		/home/jzatopa/.openclaw/workspaces/goldenbox/matrix-cubed-re/generated/ghidra/deep_start_unpacked/decompiled/1cc0_15ea_FUN_1cc0_15ea.c
1cc0:1639	FUN_1cc0_1639	true	false		/home/jzatopa/.openclaw/workspaces/goldenbox/matrix-cubed-re/generated/ghidra/deep_start_unpacked/decompiled/1cc0_1639_FUN_1cc0_1639.c
1cc0:167e	FUN_1cc0_167e	true	false		/home/jzatopa/.openclaw/workspaces/goldenbox/matrix-cubed-re/generated/ghidra/deep_start_unpacked/decompiled/1cc0_167e_FUN_1cc0_167e.c
1cc0:16f8	FUN_1cc0_16f8	true	false		/home/jzatopa/.openclaw/workspaces/goldenbox/matrix-cubed-re/generated/ghidra/deep_start_unpacked/decompiled/1cc0_16f8_FUN_1cc0_16f8.c
1cc0:1790	FUN_1cc0_1790	true	false		/home/jzatopa/.openclaw/workspaces/goldenbox/matrix-cubed-re/generated/ghidra/deep_start_unpacked/decompiled/1cc0_1790_FUN_1cc0_1790.c
1cc0:17db	FUN_1cc0_17db	true	false		/home/jzatopa/.openclaw/workspaces/goldenbox/matrix-cubed-re/generated/ghidra/deep_start_unpacked/decompiled/1cc0_17db_FUN_1cc0_17db.c
1cc0:180c	FUN_1cc0_180c	true	false		/home/jzatopa/.openclaw/workspaces/goldenbox/matrix-cubed-re/generated/ghidra/deep_start_unpacked/decompiled/1cc0_180c_FUN_1cc0_180c.c
1cc0:183a	FUN_1cc0_183a	true	false		/home/jzatopa/.openclaw/workspaces/goldenbox/matrix-cubed-re/generated/ghidra/deep_start_unpacked/decompiled/1cc0_183a_FUN_1cc0_183a.c
1cc0:18bb	FUN_1cc0_18bb	true	false		/home/jzatopa/.openclaw/workspaces/goldenbox/matrix-cubed-re/generated/ghidra/deep_start_unpacked/decompiled/1cc0_18bb_FUN_1cc0_18bb.c
1cc0:18e0	FUN_1cc0_18e0	true	false		/home/jzatopa/.openclaw/workspaces/goldenbox/matrix-cubed-re/generated/ghidra/deep_start_unpacked/decompiled/1cc0_18e0_FUN_1cc0_18e0.c
1cc0:1925	FUN_1cc0_1925	true	false		/home/jzatopa/.openclaw/workspaces/goldenbox/matrix-cubed-re/generated/ghidra/deep_start_unpacked/decompiled/1cc0_1925_FUN_1cc0_1925.c
1cc0:198d	FUN_1cc0_198d	true	false		/home/jzatopa/.openclaw/workspaces/goldenbox/matrix-cubed-re/generated/ghidra/deep_start_unpacked/decompiled/1cc0_198d_FUN_1cc0_198d.c
1cc0:19bd	FUN_1cc0_19bd	true	false		/home/jzatopa/.openclaw/workspaces/goldenbox/matrix-cubed-re/generated/ghidra/deep_start_unpacked/decompiled/1cc0_19bd_FUN_1cc0_19bd.c
1cc0:19d4	FUN_1cc0_19d4	true	false		/home/jzatopa/.openclaw/workspaces/goldenbox/matrix-cubed-re/generated/ghidra/deep_start_unpacked/decompiled/1cc0_19d4_FUN_1cc0_19d4.c
1cc0:1a04	FUN_1cc0_1a04	true	false		/home/jzatopa/.openclaw/workspaces/goldenbox/matrix-cubed-re/generated/ghidra/deep_start_unpacked/decompiled/1cc0_1a04_FUN_1cc0_1a04.c
1cc0:1a49	FUN_1cc0_1a49	true	false		/home/jzatopa/.openclaw/workspaces/goldenbox/matrix-cubed-re/generated/ghidra/deep_start_unpacked/decompiled/1cc0_1a49_FUN_1cc0_1a49.c
1cc0:1a60	FUN_1cc0_1a60	true	false		/home/jzatopa/.openclaw/workspaces/goldenbox/matrix-cubed-re/generated/ghidra/deep_start_unpacked/decompiled/1cc0_1a60_FUN_1cc0_1a60.c
1cc0:1aaf	FUN_1cc0_1aaf	true	false		/home/jzatopa/.openclaw/workspaces/goldenbox/matrix-cubed-re/generated/ghidra/deep_start_unpacked/decompiled/1cc0_1aaf_FUN_1cc0_1aaf.c
1cc0:1ad2	FUN_1cc0_1ad2	true	false		/home/jzatopa/.openclaw/workspaces/goldenbox/matrix-cubed-re/generated/ghidra/deep_start_unpacked/decompiled/1cc0_1ad2_FUN_1cc0_1ad2.c
1cc0:1ae6	FUN_1cc0_1ae6	true	false		/home/jzatopa/.openclaw/workspaces/goldenbox/matrix-cubed-re/generated/ghidra/deep_start_unpacked/decompiled/1cc0_1ae6_FUN_1cc0_1ae6.c
1cc0:1b3c	FUN_1cc0_1b3c	true	false		/home/jzatopa/.openclaw/workspaces/goldenbox/matrix-cubed-re/generated/ghidra/deep_start_unpacked/decompiled/1cc0_1b3c_FUN_1cc0_1b3c.c
1cc0:1b6e	FUN_1cc0_1b6e	true	false		/home/jzatopa/.openclaw/workspaces/goldenbox/matrix-cubed-re/generated/ghidra/deep_start_unpacked/decompiled/1cc0_1b6e_FUN_1cc0_1b6e.c
1cc0:1bbf	FUN_1cc0_1bbf	true	false		/home/jzatopa/.openclaw/workspaces/goldenbox/matrix-cubed-re/generated/ghidra/deep_start_unpacked/decompiled/1cc0_1bbf_FUN_1cc0_1bbf.c
1cc0:1c00	FUN_1cc0_1c00	true	false		/home/jzatopa/.openclaw/workspaces/goldenbox/matrix-cubed-re/generated/ghidra/deep_start_unpacked/decompiled/1cc0_1c00_FUN_1cc0_1c00.c
1cc0:1c15	FUN_1cc0_1c15	true	false		/home/jzatopa/.openclaw/workspaces/goldenbox/matrix-cubed-re/generated/ghidra/deep_start_unpacked/decompiled/1cc0_1c15_FUN_1cc0_1c15.c
1cc0:1c2a	FUN_1cc0_1c2a	true	false		/home/jzatopa/.openclaw/workspaces/goldenbox/matrix-cubed-re/generated/ghidra/deep_start_unpacked/decompiled/1cc0_1c2a_FUN_1cc0_1c2a.c
1cc0:1c45	FUN_1cc0_1c45	true	false		/home/jzatopa/.openclaw/workspaces/goldenbox/matrix-cubed-re/generated/ghidra/deep_start_unpacked/decompiled/1cc0_1c45_FUN_1cc0_1c45.c
1cc0:1c54	FUN_1cc0_1c54	true	false		/home/jzatopa/.openclaw/workspaces/goldenbox/matrix-cubed-re/generated/ghidra/deep_start_unpacked/decompiled/1cc0_1c54_FUN_1cc0_1c54.c
